disfigured;Disfigured;;;;;;;;;;;;;x
disfigured_desc;This character's face has been horribly disfigured.;;;;;;;;;;;;;x
fat;Fat;;;;;;;;;;;;;x
fat_desc;This character is extremely overweight.;;;;;;;;;;;;;x
undernourished;Undernourished;;;;;;;;;;;;;x
undernourished_desc;This character is extremely underweight.;;;;;;;;;;;;;x
mut_spines;Spines;;;;;;;;;;;;;
mut_spines_desc;A set of spines has burst forth from beneath this character's skin.;;;;;;;;;;;;;
mut_crests;Crests;;;;;;;;;;;;;
mut_crests_desc;This character's face is crowned by a set of crests.;;;;;;;;;;;;;
mut_horns;Horns;;;;;;;;;;;;;
mut_horns_desc;This character has a pair of horns sprouting from their head.;;;;;;;;;;;;;
mut_scales;Scales;;;;;;;;;;;;;
mut_scales_desc;This character has a set of scales growing over their skin.;;;;;;;;;;;;;
mut_thirdeye;Third Eye;;;;;;;;;;;;;
mut_thirdeye_desc;This character has a third eye on their forehead.;;;;;;;;;;;;;
mut_tongue;Whip Tongue;;;;;;;;;;;;;
mut_tongue_desc;This character's tongue has grown unnaturally long and sharp.;;;;;;;;;;;;;
INSULT_FREAK;freak;;;;;;;;;;;;;
INSULT_HIDEOUS;hideous;;;;;;;;;;;;;
INSULT_FATPIG;fat pig;;;;;;;;;;;;;
INSULT_SOW;fat sow;;;;;;;;;;;;;
INSULT_BLOATED;bloated;;;;;;;;;;;;;
COMPL_MAGNIFICENT;magnificent;;;;;;;;;;;;;
INSULT_WEAKLING;weakling;;;;;;;;;;;;;
INSULT_CORPSE;corpse;;;;;;;;;;;;;
INSULT_STARVED;starved;;;;;;;;;;;;;
COMPL_FRUGAL;frugal;;;;;;;;;;;;;
INSULT_MONSTER;monster;;;;;;;;;;;;;
INSULT_DEMONIC;daemonic;;;;;;;;;;;;;
INSULT_WORMTONGUE;wormtongue;;;;;;;;;;;;;
INSULT_SLITHERING;slithering;;;;;;;;;;;;;
addict;Addict;;;;;;;;;;;;;
addict_desc;This character makes frequent use of hallucinogens and other addictive substances of dubious origin.;;;;;;;;;;;;;
INSULT_ADDICT;addict;;;;;;;;;;;;;
INSULT_ROTTEN;rotten;;;;;;;;;;;;;
INSULT_POINTYEARS;pointy-ears;;;;;;;;;;;;;
INSULT_POINTYEARED;pointy-eared;;;;;;;;;;;;;
INSULT_STUMP;stump;;;;;;;;;;;;;
INSULT_DIMINUITIVE;diminutive;;;;;;;;;;;;;
INSULT_IMP;imp;;;;;;;;;;;;;
INSULT_HALFSIZED;halfsized;;;;;;;;;;;;;
INSULT_BRUTE;brute;;;;;;;;;;;;;
INSULT_SAVAGE;savage;;;;;;;;;;;;;
INSULT_INSIGNIFICANT;insignificant;;;;;;;;;;;;;
INSULT_ABOMINATION;abomination;;;;;;;;;;;;;
INSULT_COLDBLOODED;coldblooded;;;;;;;;;;;;;
INSULT_RATLING;ratling;;;;;;;;;;;;;
INSULT_SNIVELING;sniveling;;;;;;;;;;;;;
INSULT_FIEND;fiend;;;;;;;;;;;;;
INSULT_BLOODSUCKING;bloodsucking;;;;;;;;;;;;;
pet_consort;Pet Consort;;;;;;;;;;;;;
pet_consort_desc;This character has been captured and forced to be subjected to the twisted desires as part of someone's private harem.;;;;;;;;;;;;;
retired_with_harem;Retired with Harem;;;;;;;;;;;;;
retired_with_harem_desc;This character is currently absent from court, having retired to a private mansion with their favourite thralls.;;;;;;;;;;;;;
traits_label;Traits:;;;;;;;;;;;;;
CHARVIEW_TRAITS;Traits:;;;;;;;;;;;;;
troubled_pregnancy;Troubled Pregnancy;;;;;;;;;;;;;
troubled_pregnancy_desc;This woman is going through or has recently gone through a particularly troubled pregnancy, leaving her weakened and feverish in her bed, unable to do much.;;;;;;;;;;;;;
troubled_pregnancy_death;died in her labour.;;;;;;;;;;;;;
hard_pregnancy;Hard Pregnancy;;;;;;;;;;;;;
hard_pregnancy_desc;This woman is going through a particularly hard pregnancy, which is hindering her everyday actions.;;;;;;;;;;;;;
hard_pregnancy_death;died in her labour.;;;;;;;;;;;;;
opinion_fought_debate;Fought debate;;;;;;;;;;;;;
preparing_ulthuan_invasion;Preparing Invasion;;;;;;;;;;;;;
preparing_ulthuan_invasion_desc;This ruler is preparing an invasion to reconquer Ulthuan.;;;;;;;;;;;;;
attempted_ulthuan_invasion;Attempted Invasion;;;;;;;;;;;;;
attempted_ulthuan_invasion_desc;This ruler has recently gathered forces to reconquer Ulthuan, it'll take some time before their lands will be able to sustain another such effort.;;;;;;;;;;;;;
opinion_scared_into_submission;Scared into submission;;;;;;;;;;;;;
opinion_barbaric;Barbaric;;;;;;;;;;;;;
opinion_nauglir_family;Fed relative to Nauglir;;;;;;;;;;;;;
opinion_nauglir_family_druchii;Fed relative to Nauglir;;;;;;;;;;;;;
opinion_dragon_family;Fed relative to Dragon;;;;;;;;;;;;;
opinion_dragon_family_druchii;Fed relative to Dragon;;;;;;;;;;;;;
opinion_gryphon_family;Fed relative to Griffon;;;;;;;;;;;;;
opinion_gryphon_family_druchii;Fed relative to Griffon;;;;;;;;;;;;;
dismiss_concubine;Set Aside;;;;;;;;;;;;;
dismiss_concubine_desc;Set aside [Root.GetFirstName] in order to leave space in your harem for other concubines.;;;;;;;;;;;;;
druchii_police_decision;Survey Naggaroth;;;;;;;;;;;;;
druchii_police_decision_desc;As the long reigning ruler of Naggaroth, you've had years to create your own network of spies and seers to find and take care of any dissidents within your realm. With a single order you can make sure there will be no more factioneering against you for some time.;;;;;;;;;;;;;
recently_employed_druchiiservices;Recently Employed Spy Network;;;;;;;;;;;;;
recently_employed_druchiiservices_desc;Not too long ago the Druchii King has unleashed the many spies at their disposal to whip the plotting vassals of Naggaroth back in line.;;;;;;;;;;;;;
opinion_cracked_onme;Cracked on me;;;;;;;;;;;;;
avatar_kurnous;Avatar of Kurnous;;;;;;;;;;;;;
avatar_kurnous_desc;The King of Athel Loren is commonly believed to be the avatar of Kurnous, the Elven God of the Hunt. Each winter, the King dies, only to be reborn on spring. Each year, the King will lead a Wild Hunt to scour the sacred glades of the Asrai and any nearby lands, mercilessly rooting out any corruption found.;;;;;;;;;;;;;
avatar_isha;Avatar of Isha;;;;;;;;;;;;;
avatar_isha_desc;The Queen of Athel Loren is commonly believed to be the avatar of Isha, the Elven Goddess of Life. The Everqueen of Ulthuan claims such right as well, which has been the cause of contention between Asur and Asrai.;;;;;;;;;;;;;
not_avatar;Mortal;;;;;;;;;;;;;
not_avatar_desc;By tradition, Athel Loren is held by the conjoined rule of two divine Avatars of the Elven Gods Isha and Kurnous, yet the Elf currently claiming the throne has not received such blessing.;;;;;;;;;;;;;
without_kurnous;Missing Avatar;;;;;;;;;;;;;
without_kurnous_desc;There is no avatar of Kurnous to lead the Asrai to their glorious Wild Hunts. Without him, Athel Loren is weakened and his inhabitants restless.;;;;;;;;;;;;;
without_isha;Missing Avatar;;;;;;;;;;;;;
without_isha_desc;There is no avatar of Isha to protect the sacred glades of Athel Loren. Without her, the great forest is weakened and his inhabitants restless.;;;;;;;;;;;;;
without_avatars;Missing Avatars;;;;;;;;;;;;;
without_avatars_desc;The gods have abandoned Athel Loren. Without them to protect and lead them, the Asrai fear for their very survival.;;;;;;;;;;;;;
creature_beastman;Beastman;;;;;;;;;;;;;
creature_beastman_desc;Beastmen are the children of Chaos. Grotesque hybrids of fierce animal and barbaric human, these horned and stinking warrior-beasts can be found infesting many of the dark forests and trackless wastes that cover much of the world.;;;;;;;;;;;;;
creature_forestspirit;Forest Spirit;;;;;;;;;;;;;
creature_forestspirit_desc;Athel Loren is ripe with spirits of all kinds, some of them as old as the world itself. Capricious and mysterious creatures, their minds are alien even to the Asrai living with them, but they all share a fierce determination when it comes to protecting their woods.;;;;;;;;;;;;;
creature_treekin;Tree Kin;;;;;;;;;;;;;
creature_treekin_desc;At the heart of every Tree Kin resides the soul of a dead elf, though this is not the fate of all. Only the strongest and most driven souls retain enough individuality to become such a creature.;;;;;;;;;;;;;
asrai_spellsinger;Spellsinger;;;;;;;;;;;;;
asrai_spellsinger_desc;Rather than protecting themselves with rituals from the dangers of raw magic, the Asrai join their minds with the sleeping consciousness of Athel Loren, so that the forest's spirits themselves might help them in their efforts. Through this bond, some of them are able to reshape the forest itself to their whims.;;;;;;;;;;;;;
resting;Resting;;;;;;;;;;;;;
resting_desc;This character is currently trapped in a magical slumber.;;;;;;;;;;;;;
athel_loren_winter;Winter;;;;;;;;;;;;;
athel_loren_winter_desc;When winter comes in Athel Loren the spirits fall in a deep slumber and the royal couple retires within the Oak of the Ages. The Avatar of Kurnous dies, in order to be reborn once more in the spring and the Elves as well fall in a torpor.;;;;;;;;;;;;;
restless_spirits;Restless Spirits;;;;;;;;;;;;;
restless_spirits_desc;This ruler has not shown proper reverence for the mysterious denizens of Athel Loren.;;;;;;;;;;;;;
opinion_asur_tyrant;Oppressive Tyrant;;;;;;;;;;;;;
MUST_BE_50_YEARS;50 years passed from last change;;;;;;;;;;;;;
MUST_BE_75_YEARS;75 years passed from last change;;;;;;;;;;;;;
MUST_BE_150_YEARS;150 years passed from last change;;;;;;;;;;;;;
MUST_BE_200_YEARS;200 years passed from last change;;;;;;;;;;;;;
title_spellsinger;Spellsinger;;;;;;;;;;;;;
mage_apprentice;Apprentice;;;;;;;;;;;;;
mage_apprentice_desc;This character is studying magic from a more expert wizard.;;;;;;;;;;;;;
apprenticeship_refused;Failed Apprentice;;;;;;;;;;;;;
apprenticeship_refused_desc;This character attempted to undertake the study of the arcane matters, with little success.;;;;;;;;;;;;;
asrai_ward_apprentice;Take Apprentice;;;;;;;;;;;;;
asrai_ward_apprentice_desc;You could take your ward [Root.GetFirstName] as an apprentice and teach [Root.GetHerHim] to connect to the Weave.;;;;;;;;;;;;;
woodwalking;Treewalking;;;;;;;;;;;;;
woodwalking_desc;Walking through ethereal pathways, this commander leads their troops at an unnatural speed.;;;;;;;;;;;;;
healing_spell;Healing;;;;;;;;;;;;;
healing_spell_desc;Employ your healing powers on [Root.GetFirstName].;;;;;;;;;;;;;
walk_between_worlds;Walk Between World;;;;;;;;;;;;;
walk_between_worlds_desc;The Asrai Spellsingers are known to use their connection to the forest to move in mysterious ways.;;;;;;;;;;;;;
restore_forest;Restore Forest;;;;;;;;;;;;;
restore_forest_desc;Restore the sanctity of Athel Loren by cleansing it from the deviant constructions laid down by the barbaric settlers.;;;;;;;;;;;;;
great_wild_hunt_desc;§Y$CLAIMANT$§! can follow the lead of Kurnous and join in a Wild Hunt, rampaging across the lands of the inferior species to gain trophies and defend the borders of Athel Loren.;;;;;;;;;;;;;
CB_NAME_GREAT_WILD_HUNT;Wild Hunt of [Title.GetBaseName];;;;;;;;;;;;;
WAR_NAME_GREAT_WILD_HUNT;$ORDER$$FIRST_ADJ$ Wild Hunt of $OTHER_TITLE$;;;;;;;;;;;;;
athel_loren_reconquest_desc;§Y$CLAIMANT$§! cannot allow blasphemers to taint the purity of Athel Loren.;;;;;;;;;;;;;
CB_NAME_ATHELLOREN_RECONQUEST;Athel Loren Reconquest of [Title.GetBaseName];;;;;;;;;;;;;
WAR_NAME_ATHELLOREN_RECONQUEST;$ORDER$$FIRST_ADJ$ Reconquest of $OTHER_TITLE$;;;;;;;;;;;;;
bretonnian_forest_claim_desc;§Y$CLAIMANT$§!'s ancestors claim ownership of many of the now abandoned forest provinces. It might be the right time to retake one of them.;;;;;;;;;;;;;
CB_NAME_FOREST_CLAIM;Claim [Title.GetBaseName];;;;;;;;;;;;;
WAR_NAME_FOREST_CLAIM;$ORDER$$FIRST_ADJ$ Claiming of $OTHER_TITLE$;;;;;;;;;;;;;
asrai_kidnap;Kidnap [Root.GetFirstName];;;;;;;;;;;;;
asrai_kidnap_desc;Children caught in the clutches of the Fair Folk are known to have disappeared in the depths of Athel Loren.;;;;;;;;;;;;;
opinion_kidnapped_me;Kidnapped Me;;;;;;;;;;;;;
opinion_kidnapped_child;Kidnapped Child;;;;;;;;;;;;;
opinion_kidnapped_relative;Kidnapped Relative;;;;;;;;;;;;;
fairy_bred;Fairy Bred;;;;;;;;;;;;;
fairy_bred_desc;This character, although belonging to a short-lived species, has been grown by Elves and a deep fearful respect for the Fair Folk has been instilled within their mind.;;;;;;;;;;;;;
province_scourged;Scourged Land;;;;;;;;;;;;;
province_scourged_desc;This land has been devastated entirely, fortresses destroyed and towns burned to the ground.;;;;;;;;;;;;;
opinion_scourged_lands;Scourged My Lands;;;;;;;;;;;;;
beastmen_uprising_desc;§Y$CLAIMANT$§! can wage war to take any land for his war-herd.;;;;;;;;;;;;;
CB_NAME_BEASTMEN_UPRISING;Beastmen Uprising;;;;;;;;;;;;;
WAR_NAME_BEASTMEN_UPRISING;$ORDER$$FIRST_ADJ$ Beastmen Uprising of $OTHER_TITLE$;;;;;;;;;;;;;
DEATH_SACRIFICED;was offered up in sacrifice to the Gods of $KILLER$;;;;;;;;;;;;;
asrai_join_war;Join War;;;;;;;;;;;;;
asrai_join_war_desc;Asrai are fickle and mysterious beings with little regard for the treaties and requirements of other lesser kins. If they deem it necessary, they can just intercede in any conflict they please.;;;;;;;;;;;;;
opinion_prey;Prey;;;;;;;;;;;;;
opinion_savage_invader;Savage Invader;;;;;;;;;;;;;
scattered_beastmen;Scattered Beastmen;;;;;;;;;;;;;
scattered_beastmen_desc;This ruler has recently thwarted the attempts of a Beastmen tribe to conquer their lands.;;;;;;;;;;;;;
WAR_HERD;[Root.County.GetAdjective] War Herd;;;;;;;;;;;;;
morghur;Morghur;;;;;;;;;;;;;
morghur_desc;Morghur, known by the Asrai as Cyanathair the Corruptor, is a powerful and ancient entity deeply revered by the Beastmen, who believed his spirit walked the world before the birth of their race, the ultimate incarnation of disorder and Chaos.;;;;;;;;;;;;;
immortal_trait;Immortal;;;;;;;;;;;;;
immortal_trait_desc;This character has discovered the secret to eternal life.;;;;;;;;;;;;;
beastman_migration_desc;§Y$CLAIMANT$§! Can migrate along with their herds to a new land to spoil in the name of the Ruinous Powers. Be warned you will lose any land you currently own.;;;;;;;;;;;;;
CB_NAME_BEASTMAN_MIGRATION;Migrate to [Title.GetBaseName];;;;;;;;;;;;;
WAR_NAME_BEASTMAN_MIGRATION;$ORDER$$FIRST_ADJ$ Migration to $OTHER_TITLE$;;;;;;;;;;;;;
king_beastman_migration_desc;§Y$CLAIMANT$§! Can migrate along with their herds to a new land to spoil in the name of the Ruinous Powers. Be warned you will lose any land you currently own.;;;;;;;;;;;;;
beastman_county_conquest_desc;Beastmen need no excuse to invade new lands. §Y$CLAIMANT$§! can attack any bordering province and occupy any land around it, as far as the herds can manage.;;;;;;;;;;;;;
CB_NAME_BEASTCOUNTY_CONQUEST;Invade [Title.GetBaseName];;;;;;;;;;;;;
WAR_NAME_BEASTCOUNTY_CONQUEST;$ORDER$$FIRST_ADJ$ Bestial Invasion of $OTHER_TITLE$;;;;;;;;;;;;;
action_despoil_land;Despoil Land;;;;;;;;;;;;;
action_despoil_land_desc;Unleash your Herd upon a province, letting the Gor destroy any sign of civilization, breed and honor the Gods.;;;;;;;;;;;;;
duel_beastman_decision;Challenge Liege;;;;;;;;;;;;;
duel_beastman_decision_desc;Challenge your liege for supremacy over the Herds.;;;;;;;;;;;;;
beastman_herdstone;Herdstone;;;;;;;;;;;;;
beastman_herdstone;The Beastmen have laid waste of this province, destroying any sign of civilization they could find and setting one of their blasphemous herdstones as signature of their wicked accomplishment.;;;;;;;;;;;;;
beastman_slaver;Handle Slaves;;;;;;;;;;;;;
beastman_slaver_desc;The prisoners from the last raid will be disposed of in the manner you prefer.;;;;;;;;;;;;;
EVTDESCbeastmen43;What shall be done with these prisoners?;;;;;;;;;;;;;
EVTOPTAbeastmen43;The Hrrrd'stone! Brnng them to th'GODS!;;;;;;;;;;;;;
EVTOPTBbeastmen43;Food fr hrrd.;;;;;;;;;;;;;
EVTOPTCbeastmen43;Blah! Nothng.;;;;;;;;;;;;;
slaanesh_quirk;Quirk;;;;;;;;;;;;;
slaanesh_quirk_desc;You can always find some way to better your fellow subject...;;;;;;;;;;;;;
vassal_feed_to_wyvern;Feed to Wyvern;;;;;;;;;;;;;
vassal_feed_to_wyvern_desc;Bad Boyz make strong scaley beasties.;;;;;;;;;;;;;
creature_toad;Toad;;;;;;;;;;;;;
creature_toad_desc;This toad once used to be a person.;;;;;;;;;;;;;
monstrous;Monstrous;;;;;;;;;;;;;
monstrous_desc;Through wicked sorcery this person's appearance has been completely transformed, turning them into a horrid freak.;;;;;;;;;;;;;
opinion_polymorphed_family;Polymorphed Relative;;;;;;;;;;;;;
opinion_polymorphed_family_druchii;Polymorphed Relative;;;;;;;;;;;;;
vassal_polymorph;Polymorph;;;;;;;;;;;;;
vassal_polymorph_desc;Use your powers to turn [Root.GetFirstName] into a more amiable creature.;;;;;;;;;;;;;
opinion_polymorphed_me;Polymorphed Me;;;;;;;;;;;;;
opinion_polymorphed_master;Polymorphed Me;;;;;;;;;;;;;
beastman_eat_prisoner;Eat [Root.GetFirstName];;;;;;;;;;;;;
beastman_eat_prisoner_desc;[Root.GetFirstName] is your prisoner. Eating [Root.GetHerHim] could be a good way to set an example for the herd.;;;;;;;;;;;;;
horns_none;No Horns;;;;;;;;;;;;;
horns_small;Small Horns;;;;;;;;;;;;;
horns_average;Average Horns;;;;;;;;;;;;;
horns_big;Big Horns;;;;;;;;;;;;;
horns_none_desc;A Beastman without horns is usually low on the social ladder, ridiculed and despised by his betters.;;;;;;;;;;;;;
horns_small_desc;This Beastman has shamelessly small horns an unfortunate condition within a Herd.;;;;;;;;;;;;;
horns_average_desc;Beastmen value their leaders for the shape and size of their horns. Usually the Gors with the biggest horns tend to cut their way to leadership.;;;;;;;;;;;;;
horns_big_desc;This Beastman has been blessed by the Gods with an impressive pair of horns, which gives him a good and enviable standing within the herd.;;;;;;;;;;;;;
beastman_herdstone_offering;Prepare Offering;;;;;;;;;;;;;
beastman_herdstone_offering_desc;Issue a great offering to the gods beneath the herdstone, increasing your renown and draw more warriors under your banner.;;;;;;;;;;;;;
tk_cover_face;Conceal Decay;;;;;;;;;;;;;
tk_cover_face_desc;Many Nehekharans resent their current status as undead, having being promised an eternal life as gods and now stuck in this tormented state by the wicked sorcery of Nagash.;;;;;;;;;;;;;
tk_show_face;Show Decay;;;;;;;;;;;;;
tk_show_face_desc;Remove your mask, showing openly your horrifying and corrupted image.;;;;;;;;;;;;;
khemri_soldier;Nehekharan Servant;;;;;;;;;;;;;
khemri_soldier_desc;When the foul sorcery of Nagash struck Nehekhara, the ancient remains of the Tomb Kings were protected by the Liche Priest's spells and embalming rituals, who allowed them to retain their memories and will. Such was not the fate of all the commoners who rose back from their graves. Reduced to mere husks, these undead blindly serve their Kings in death as they did during their lives.;;;;;;;;;;;;;
incapacitated;Incapacitated;;;;;;;;;;;;;
incapacitated_desc;The holy corpse of this Tomb King has been severely damaged, but it is not unrecoverable. The ancient ruler's Liche Priests are working day and night to quicken the return of their immortal master.;;;;;;;;;;;;;
khemri_mask;Funerary Mask;;;;;;;;;;;;;
khemri_mask_desc;This undead ruler has decided to hide their ravaged appearance with a decorated mask.;;;;;;;;;;;;;
incapacitated_tomb_king;Incapacitated King;;;;;;;;;;;;;
incapacitated_tomb_king_desc;The Tomb King ruling this land has been temporarily incapacitated. Without their overlord, the skeleton armies of this land have fallen silent in the sand.;;;;;;;;;;;;;
rising_tomb_king;Ariiiise!!;;;;;;;;;;;;;
rising_tomb_king_desc;A Tomb King has just awaken from their slumber after an attempt on their unlife. Rattled by their will, their countless ranks of servants are emerging once more from their graves.;;;;;;;;;;;;;
execute_prisoner;Execute [Root.GetFirstName];;;;;;;;;;;;;
execute_prisoner_desc;As your prisoner, you can kill [Root.GetTitledFirstName], although, [Root.GetHerHis] standing could provoke a reaction from your vassals or the lords of nearby realms.;;;;;;;;;;;;;
opinion_graverobbed_me;Graverobber;;;;;;;;;;;;;
nehekharan_county_conquest_desc;§Y$CLAIMANT$§! remembers far back, when their realm stretched far wider. It is time to restore the ancient glory of Nehekhara, under its rightful ruler.;;;;;;;;;;;;;
CB_NAME_TOMBCOUNTY_CONQUEST;Reclaim [Title.GetBaseName];;;;;;;;;;;;;
WAR_NAME_TOMBCOUNTY_CONQUEST;$ORDER$$FIRST_ADJ$ Reclamation to $OTHER_TITLE$;;;;;;;;;;;;;
nehekharan_subjugation_desc;§Y$CLAIMANT$§! used to rule over all of Nehekhara, long ago. But now, they're only one of the many Kings to claim ownership of the ancient Empire. Both their ancestors and their descendants have come back to life to bring forth the same claims.;;;;;;;;;;;;;
CB_NAME_NEHEKHARAN_SUBJUGATION;Impose your claim on [Title.GetBaseName];;;;;;;;;;;;;
WAR_NAME_NEHEKHARAN_SUBJUGATION;$ORDER$$FIRST_ADJ$ Subjugation of [Title.GetBaseName];;;;;;;;;;;;;
desert_expedition_desc;§Y$CLAIMANT$§! can found and lead an expedition to the old ruins of Nehekhara, to recover some of the ancient artifacts hidden in those desert tombs.;;;;;;;;;;;;;
CB_NAME_DESERT_EXPEDITION;Explore [Title.GetBaseName];;;;;;;;;;;;;
WAR_NAME_DESERT_EXPEDITION;$ORDER$$FIRST_ADJ$ Expedition to $OTHER_TITLE$;;;;;;;;;;;;;
punish_graverobbers_desc;§Y$CLAIMANT$§! has not forgotten this blasphemer's desecration. It might be time to take back what was unrightfully stolen.;;;;;;;;;;;;;
CB_NAME_ANTIGRAVEROBBERS;Recover treasure from [Title.GetBaseName];;;;;;;;;;;;;
WAR_NAME_ANTIGRAVEROBBERS;$ORDER$$FIRST_ADJ$ Punishing Campaign to [Title.GetBaseName];;;;;;;;;;;;;
nehekharan_county_colonisation_desc;§Y$CLAIMANT$§! can attempt to conquer the impervious and deadly deserts of Nehekhara, despite what common sense would tell.;;;;;;;;;;;;;
CB_NAME_TOMBCOUNTY_COLONISATION;Colonisation of [Title.GetBaseName];;;;;;;;;;;;;
WAR_NAME_TOMBCOUNTY_COLONISATION;$ORDER$$FIRST_ADJ$ Colonisation of [Title.GetBaseName];;;;;;;;;;;;;
nehekharan_curse;Cursed Sands;;;;;;;;;;;;;
nehekharan_curse_desc;Ever since the great Necromancer Nagash cast his terrible spell centuries ago, the lands of Nehekhara have been harsh and inhospitable, home only to the dead.;;;;;;;;;;;;;
action_awaken_servants;Awaken Servants;;;;;;;;;;;;;
action_awaken_servants_desc;Send a Heirophant to quicken the awakening of your servants in a selected province.;;;;;;;;;;;;;
nomad;Nehekka;;;;;;;;;;;;;
nomad_unrest;Nehekkan Unrest;;;;;;;;;;;;;
nomad_unrest_desc;Nehekkans in this province are restless, possibly readying to strike back at their feudal lieges.;;;;;;;;;;;;;
nomad_presence;Nehekkan Presence;;;;;;;;;;;;;
nomad_presence_desc;A tribe of desert dwellers has been known to frequently visit the oasis within this land.;;;;;;;;;;;;;
scared_subjects;Scared Subjects;;;;;;;;;;;;;
scared_subjects_desc;The undead's unsettling behaviour has caused people in this province to grow wary of their immortal overlords.;;;;;;;;;;;;;
opinion_terrified;Scared;;;;;;;;;;;;;
friendly_undead;Friendly Corpses;;;;;;;;;;;;;
friendly_undead_desc;The living inhabitants of this province have managed to achieve some sort of coexistence with the undead ruling over them, at least for the moment.;;;;;;;;;;;;;
embrace_nehekharan_gods;Embrace Nehekharan Faith;;;;;;;;;;;;;
embrace_nehekharan_gods_desc;Embrace the old faith of the dead.;;;;;;;;;;;;;
disfigured_death;of an infected wound;;;;;;;;;;;;;
empirerev;Imperial;;;;;;;;;;;;;
sylvanianrev;Sylvanian;;;;;;;;;;;;;
kurganrev;Kurgan;;;;;;;;;;;;;
arabyanrev;Arabyan;;;;;;;;;;;;;
dwarfrev;Dwarfen;;;;;;;;;;;;;
imperialdwarfrev;Imperial Dwarfen;;;;;;;;;;;;;
chaosdwarfrev;Chaos Dwarfen;;;;;;;;;;;;;
asurrev;Asuryan;;;;;;;;;;;;;
asrairev;Asrai;;;;;;;;;;;;;
druchiirev;Naggarothi;;;;;;;;;;;;;
hobbitsrev;Hobbitian;;;;;;;;;;;;;
sartosantileanrev;Sartosantian;;;;;;;;;;;;;
bretonniarev;Bretonnian;;;;;;;;;;;;;
amazonrev;Amazonian;;;;;;;;;;;;;
northempirerev;North Imperial;;;;;;;;;;;;;
tilearev;Tilean;;;;;;;;;;;;;
estileanrev;Estilean;;;;;;;;;;;;;
hungrev;Hung;;;;;;;;;;;;;
southarabyanrev;Southarabyan;;;;;;;;;;;;;
northmanrev;Northman;;;;;;;;;;;;;
beastmanrev;Beastman;;;;;;;;;;;;;
ungorrev;Ungor;;;;;;;;;;;;;
nomadrev;Nehekkan;;;;;;;;;;;;;
westernrev;Western;;;;;;;;;;;;;
occitanrev;Occitan;;;;;;;;;;;;;
southernrev;Southern;;;;;;;;;;;;;
celticrev;Celtic;;;;;;;;;;;;;
norserev;Norse;;;;;;;;;;;;;
saxonrev;Saxon;;;;;;;;;;;;;
easternslavicrev;Easternslavic;;;;;;;;;;;;;
byzantinerev;Greek;;;;;;;;;;;;;
muslimrev;Arabic;;;;;;;;;;;;;
turkishrev;Turkish;;;;;;;;;;;;;
mongolrev;Mongolian;;;;;;;;;;;;;
africanrev;African;;;;;;;;;;;;;
andalusianrev;Andalusian;;;;;;;;;;;;;
indianrev;Indian;;;;;;;;;;;;;
persianrev;Persian;;;;;;;;;;;;;
transgender;Gender-swapped;;;;;;;;;;;;;
transgender_desc;This character's gender has been flipped by a magic of some sort.;;;;;;;;;;;;;
INSULT_DEVIANT;deviant;;;;;;;;;;;;;
lunatic_1;Twitchy;;;;;;;;;;;;;
lunatic_1_desc;This characters is known to have strange behaviour from time to time, but is otherwise accepted just as a somewhat peculiar person.;;;;;;;;;;;;;
lunatic_2;Maniac;;;;;;;;;;;;;
lunatic_2_desc;This character shows clear signs of mental instability, affecting themselves and those around them. There's clearly something wrong with their head.;;;;;;;;;;;;;
lunatic_3;Lunatic;;;;;;;;;;;;;
lunatic_3_desc;This character is deeply disturbed and can barely function in society.;;;;;;;;;;;;;
chaosspawn;Chaos Spawn;;;;;;;;;;;;;
creature_chaosspawn;Chaos Spawn;;;;;;;;;;;;;
creature_chaosspawn_desc;The gods are generous in their gifts to the mortals who worship them, but many of the cultist cannot handle the physical and mental strain put on them, and crumble into frenzied abominations known as Chaos Spawn.;;;;;;;;;;;;;
addict_death;Intoxicated by exotic drugs;;;;;;;;;;;;;
opinion_mutant;Mutant;;;;;;;;;;;;;
EVTDESC_MUTATION_2BB;I'll cleanse myself, no matter what!;;;;;;;;;;;;;
EVTDESC_MUTATION_2AB;I see...;;;;;;;;;;;;;
mutation_counter;Mutation level;;;;;;;;;;;;;
lunatic_counter;Insanity;;;;;;;;;;;;;
opinion_lunatic_w;Lunatic;;;;;;;;;;;;;
Mutation;Mutation;;;;;;;;;;;;;
mut_doublehead;Twin Head;;;;;;;;;;;;;
mut_doublehead_desc;This character has a second monstrous head coming out on the side of their neck.;;;;;;;;;;;;;
mut_beak;Beak;;;;;;;;;;;;;
mut_beak_desc;This character's face has turned into a twisted and feathered beak.;;;;;;;;;;;;;
mut_teeth;Teeth;;;;;;;;;;;;;
mut_teeth_desc;This character's teeth have turned into a cruel set of fangs.;;;;;;;;;;;;;
mut_eyes;Many Eyes;;;;;;;;;;;;;
mut_eyes_desc;This character's skin has been covered with blinking eyes.;;;;;;;;;;;;;
mut_bigeyes;Big Eyes;;;;;;;;;;;;;
mut_bigeyes_desc;This character has developed a huge and unsettling pair of eyes.;;;;;;;;;;;;;
blind_virtue;Blind Virtue;;;;;;;;;;;;;
blind_virtue_desc;This character suffers of a particular brand of illness which prevents them from comprehending right or wrong. Any action, no matter how despicable, appears as necessary or forgettable to them. Any situation, no matter how terrible, is easily rationalised in a somewhat positive light. The character is incapable of showing empathy and are unable to accept the existence of any evil in the world.;;;;;;;;;;;;;
fake_mage;Fake Mage;;;;;;;;;;;;;
fake_mage_desc;Many people wish to wield the power of mages. This character's wish was so strong that they deluded themselves into believing themselves to be one, even though they have neither the knowledge nor the potential to ever wield the arcane powers. The character is absolutely convinced that they can cast spells and enchant items. While this usually results in embarrassing behaviour, it can also lead to very dangerous situations.;;;;;;;;;;;;;
despairing_laughter;Despairing Laughter;;;;;;;;;;;;;
despairing_laughter_desc;This character has deluded themselves into believing all life to be a great joke made for their own amusement. They can hardly stop snickering at others or responding to any statement with sharp or sarcastic remarks, but other people's suffering is what truly makes them burst into uncontrollable laughter.;;;;;;;;;;;;;
unfeeling;Unfeeling;;;;;;;;;;;;;
unfeeling_desc;This character's mind has completely rejected pain to the point which they're unable to feel anything at all, pain or pleasure. The lack of consequences from wounds and injury make them reckless and eager to test their body's resistance, if only to feel something once again, even for a moment.;;;;;;;;;;;;;
bloodthirsty;Bloodthirsty;;;;;;;;;;;;;
bloodthirsty_desc;This character has an insatiable thirst for violence and blood. They often fall prey to terrible frenzies, but can just as easily prepare a meticulous plan to kill dozens of people, for nothing else but their own pleasure.;;;;;;;;;;;;;
god_delusion;God Delusion;;;;;;;;;;;;;
god_delusion_desc;This character suffers delusion of omnipotence, believing themselves to be a mere creature of flesh no longer, but rather an all-powerful celestial being. They don't feel restricted by morality, nor do they perceive other people as any more than vermin beneath their feet.;;;;;;;;;;;;;
opinion_murderous_lunatic;Murderous Lunatic;;;;;;;;;;;;;
bloodthirsty_rampage;Rampage;;;;;;;;;;;;;
bloodthirsty_rampage_desc;A crazed lunatic has scourged this province, terrorizing the population and killing scores of people for its own sick amusement.;;;;;;;;;;;;;
opinion_evil_laughter;Laughed at my pain;;;;;;;;;;;;;
king_settra;Settra;;;;;;;;;;;;;
king_settra_desc;Of Settra it is said that he was the first King of Khemri, and by far the most powerful and renowned. He united all the city-states of Nehekhara under his ruthless rule with a great campaign of conquest. When he grew old he founded the Mortuary Cult, ordering his Liche Priests to find a way to defeat death itself. Settra died with the promise to be reborn as a living god once his servants found the proper spell, but he was awoken along with all of his successors as an undead abomination by the usurper Nagash. Retaking his rightful seat in Khemri, he started to wage war to the Nehekharan Tomb Kings who came after him in order to reclaim absolute dominion over all he had lost.;;;;;;;;;;;;;
better_mork_than_gork;Better Mork than Gork;;;;;;;;;;;;;
better_gork_than_mork;Better Gork than Mork;;;;;;;;;;;;;
better_mork_than_gork_desc;Gork 'n' Mork iz tha greatest godz, but Mork iz way bettah than Gork!;;;;;;;;;;;;;
better_gork_than_mork_desc;Gork 'n' Mork iz tha greatest godz, but Gork iz way bettah than Mork!;;;;;;;;;;;;;
opinion_cast_ghrond_vote;Supporting Me;;;;;;;;;;;;;
ghrond_support_1;Lowly Upstart §C<§ §Y1§! §C/§! §Z10§! §C>§!;;;;;;;;;;;;;
ghrond_support_2;Lowly Upstart §C<§ §Y2§! §C/§! §Z10§! §C>§!;;;;;;;;;;;;;
ghrond_support_3;Lowly Upstart §C<§ §Y3§! §C/§! §Z10§! §C>§!;;;;;;;;;;;;;
ghrond_support_4;Esteemed Colleague §C<§ §Y4§! §C/§! §Z10§! §C>§!;;;;;;;;;;;;;
ghrond_support_5;Esteemed Colleague §C<§ §Y5§! §C/§! §Z10§! §C>§!;;;;;;;;;;;;;
ghrond_support_6;Esteemed Colleague §C<§ §Y6§! §C/§! §Z10§! §C>§!;;;;;;;;;;;;;
ghrond_support_7;Dreaded Master §C<§ §Y7§! §C/§! §Z10§! §C>§!;;;;;;;;;;;;;
ghrond_support_8;Dreaded Master §C<§ §Y8§! §C/§! §Z10§! §C>§!;;;;;;;;;;;;;
ghrond_support_9;Dreaded Master §C<§ §Y9§! §C/§! §Z10§! §C>§!;;;;;;;;;;;;;
ghrond_support_10;The Hags' Favourite §C<§ §Y10§! §C/§! §Z10§! §C>§!;;;;;;;;;;;;;
ghrond_support_1_desc;This member of Ghrond's Cabal has some supporters, but they are so few in number, it'll hardly make a difference.;;;;;;;;;;;;;
ghrond_support_2_desc;This member of Ghrond's Cabal has some supporters, but they are so few in number, it'll hardly make a difference.;;;;;;;;;;;;;
ghrond_support_3_desc;This member of Ghrond's Cabal has some supporters, but they are so few in number, it'll hardly make a difference.;;;;;;;;;;;;;
ghrond_support_4_desc;This member of Ghrond's Cabal has a considerable number of supporters and might try and take Ghrond after the current owner passes away.;;;;;;;;;;;;;
ghrond_support_5_desc;This member of Ghrond's Cabal has a considerable number of supporters and might try and take Ghrond after the current owner passes away.;;;;;;;;;;;;;
ghrond_support_6_desc;This member of Ghrond's Cabal has a considerable number of supporters and might try and take Ghrond after the current owner passes away.;;;;;;;;;;;;;
ghrond_support_7_desc;This member of Ghrond's Cabal has the loyalty and fear of many in the Dark Tower and is renowned as a master of the arcane arts. It might very well be for the cabal to support this claimant once the current ruler is dead.;;;;;;;;;;;;;
ghrond_support_8_desc;This member of Ghrond's Cabal has the loyalty and fear of many in the Dark Tower and is renowned as a master of the arcane arts. It might very well be for the cabal to support this claimant once the current ruler is dead.;;;;;;;;;;;;;
ghrond_support_9_desc;This member of Ghrond's Cabal has the loyalty and fear of many in the Dark Tower and is renowned as a master of the arcane arts. It might very well be for the cabal to support this claimant once the current ruler is dead.;;;;;;;;;;;;;
ghrond_support_10_desc;This is one of the most esteemed and revered members of Ghrond, and the most likely successor to the current ruler.;;;;;;;;;;;;;
ghrond_check_successor;Check Ghrond's Polls;;;;;;;;;;;;;
ghrond_check_successor_desc;Ask around to see who is amongst the most favourite of the current members of the Cabal.;;;;;;;;;;;;;
ghrond_retract_vote;Retract Support;;;;;;;;;;;;;
ghrond_retract_vote_desc;Retract your support to [Root.GetTitledFirstName]'s claim on Ghrond. You can still decide to support [Root.GetHerHim] later.;;;;;;;;;;;;;
ghrond_cast_vote;Support [Root.GetFirstName];;;;;;;;;;;;;
ghrond_cast_vote_desc;Support [Root.GetFirstName] as the next elected ruler of Ghrond's Cabal of practitioners of the Dark Arts. You can always decide to retract your vote later.;;;;;;;;;;;;;
reversed_gravity;Reversed Gravity;;;;;;;;;;;;;
reversed_gravity_desc;This land has been turned upside down. Rivers fall into the sky and people can barely touch the ground without clinging on it.;;;;;;;;;;;;;
warphole_epicentre;Warp Rift;;;;;;;;;;;;;
warphole_epicentre_desc;An eldritch portal into the Realms of Chaos has opened in this land, spitting out otherworldly monstrosities, warping and mutating the land, and devouring anyone unlucky enough to get caught in its roaming tendrils of energy.;;;;;;;;;;;;;
daemonette_slaanesh;Daemonette;;;;;;;;;;;;;
bloodletter_khorne;Bloodletter;;;;;;;;;;;;;
plaguebearer_nurgle;Plaguebearer;;;;;;;;;;;;;
flamer_tzeentch;Flamer;;;;;;;;;;;;;
magic_potential_1;Scarce Magic Potential;;;;;;;;;;;;;
magic_potential_1_desc;This character can only just interact with magic. Although they can learn, the process will be difficult and they are unlikely to progress beyond the most basic rituals and incantations.;;;;;;;;;;;;;
magic_potential_2;Average Magic Potential;;;;;;;;;;;;;
magic_potential_2_desc;This character has a notable gift for magic, giving them the potential to master many common spells.;;;;;;;;;;;;;
magic_potential_3;Strong Magic Potential;;;;;;;;;;;;;
magic_potential_3_desc;This character shows great potential in arcane power, and with time and effort they could become an exceptional spellcaster.;;;;;;;;;;;;;
magic_potential_4;Great Magic Potential;;;;;;;;;;;;;
magic_potential_4_desc;This character has been gifted with unparalleled magical potential, possessing an instinctive ability for grasping the Winds of Magic and bending reality to their will.;;;;;;;;;;;;;
opinion_spared_witch;Spared Witch;;;;;;;;;;;;;
opinion_protected_me;Protected Me;;;;;;;;;;;;;
opinion_evil_sorcerer;Evil Sorcerer;;;;;;;;;;;;;
opinion_destroyed_family;Destroyed Relative;;;;;;;;;;;;;
summon_demon;Summon Daemon;;;;;;;;;;;;;
summon_demon_desc;Use your powers to summon a daemon of your choosing from the Realms of Chaos. Be careful: this practice has been known to be very dangerous for untried sorcerers.;;;;;;;;;;;;;
vassal_possess_ritual;Summon a daemon inside [Root.GetFirstName];;;;;;;;;;;;;
vassal_possess_ritual_desc;Use [Root.GetTitledFirstName] as recipient for a creature from the Realms of Chaos and bind the resulting abomination to your service.;;;;;;;;;;;;;
tzeentchian_pet;Tzeentchian Familiar;;;;;;;;;;;;;
tzeentchian_pet_desc;This character has a Tzeentchian daemon offering its services and providing its expertise to them.;;;;;;;;;;;;;
nurglite_pet;Nurglite Familiar;;;;;;;;;;;;;
nurglite_pet_desc;This character has a Nurglite daemon offering its services and providing its expertise to them.;;;;;;;;;;;;;
slaaneshi_pet;Slaaneshi Familiar;;;;;;;;;;;;;
slaaneshi_pet_desc;This character has a Slaaneshi daemon offering its services and providing its expertise to them.;;;;;;;;;;;;;
khornate_pet;Khornate Familiar;;;;;;;;;;;;;
khornate_pet_desc;This character has a Khornate daemon offering its services and providing its expertise to them.;;;;;;;;;;;;;
khorne_demon;Daemon of Khorne;;;;;;;;;;;;;
khorne_demon_desc;Daemons of Khorne are brutal and violent creatures from the Realms of Chaos, existing to spread death and mayhem wherever they go.;;;;;;;;;;;;;
nurgle_demon;Daemon of Nurgle;;;;;;;;;;;;;
nurgle_demon_desc;Daemons of Nurgle are corrupted and hideous creatures, ravaged by decay and countless diseases, which they joyfully spread for the glory of their god.;;;;;;;;;;;;;
slaanesh_demon;Daemon of Slaanesh;;;;;;;;;;;;;
slaanesh_demon_desc;Daemons of Slaanesh are eerie and unsettling creatures with twisted charms, ready to seduce and torture their preys. They love to lead mortals to the heights of passion promised by their Dark Prince, where pleasure and pain intertwine.;;;;;;;;;;;;;
tzeentch_demon;Daemon of Tzeentch;;;;;;;;;;;;;
tzeentch_demon_desc;Daemons of Tzeentch come in all shapes and colours. Some are mindless beasts, others elusive manipulators. All of them forward the plans of their god, seeding confusion and betrayal in the hearts of mortals.;;;;;;;;;;;;;
opinion_possessed_w;Crazed Lunatic;;;;;;;;;;;;;
exorcism_spell;Exorcise [Root.GetFirstName];;;;;;;;;;;;;
exorcism_spell_desc;[Root.GetFirstName] shows clear signs of possession. You can use your magic to try and exorcise the evil spirit from within [Root.GetHerHis] body before it's too late.;;;;;;;;;;;;;
possession_counter;Daemonic Influence;;;;;;;;;;;;;
summon_demon_other;Summon Daemon;;;;;;;;;;;;;
summon_demon_other_desc;Although you're not a mage yourself, there is someone in your court who might lend you their expertise in the arcane matters and bound a daemon into your service.;;;;;;;;;;;;;
send_asur_apprentice;Send to Hoeth;;;;;;;;;;;;;
send_asur_apprentice_desc;Send [Root.GetFirstName] to Hoeth, so that [Root.GetSheHe] can study with the Loremasters and maybe one day become a renowned wizard.;;;;;;;;;;;;;
mage_ward_apprentice;Take Apprentice;;;;;;;;;;;;;
mage_ward_apprentice_desc;You can take [Root.GetFirstName] as an apprentice mage if you think [Root.GetSheHe] shows some promise in the arcane arts.;;;;;;;;;;;;;
chaosmage_ward_apprentice;Take Acolyte;;;;;;;;;;;;;
chaosmage_ward_apprentice_desc;If proper initiated to the mysteries of Chaos, [Root.GetFirstName] might be blessed by the gods and receive the gift of magic.;;;;;;;;;;;;;
opinion_unauthorized_tutoring;Unauthorized Tutoring;;;;;;;;;;;;;
opinion_sorcerous_rival;Sorcerous Rival;;;;;;;;;;;;;
learn_magic_yourself;Teach yourself Magic;;;;;;;;;;;;;
learn_magic_yourself_desc;Learning magic on your own is the hardest and most dangerous way to do so, but, lacking any other possibility...;;;;;;;;;;;;;
hedge_wizard;Hedge Wizard;;;;;;;;;;;;;
hedge_wizard_desc;A hedge wizard is someone who is trying his hand at magic without any master or tutor. They tend to live apart from society at large, as they have a sometimes-deserved reputation for causing disasters and misfortune.;;;;;;;;;;;;;
dwarf_chaos_stoned;Stoned Sorcerer;;;;;;;;;;;;;
opinion_demon_havoc;Rampaging Daemon;;;;;;;;;;;;;
hunt_demon_down;Call a Daemon Hunt;;;;;;;;;;;;;
hunt_demon_down_desc;There might be a daemon loose in your lands. To keep your subjects and yourself safe, it would be wise to call in the experts and run the creature down before it causes more trouble.;;;;;;;;;;;;;
khornecultist15B;It shall be my time as well!;;;;;;;;;;;;;
turn_courtier_into_vampire_desc;Turn [Root.GetFirstName] into a creature of the night.;;;;;;;;;;;;;
ask_liege_vampirization;Ask for Dark Gift;;;;;;;;;;;;;
ask_liege_vampirization_desc;Your liege is a vampire and will live forever. Why should you be plagued by disease and death? You could ask your master to give you the gift of undeath.;;;;;;;;;;;;;
opinion_sired_me;Sired Me;;;;;;;;;;;;;
opinion_v_adopted_me;Adopted Me;;;;;;;;;;;;;
opinion_v_rejected_adoption;Rejected Adoption;;;;;;;;;;;;;
askvampliegedynasty;Ask for Adoption;;;;;;;;;;;;;
askvampliegedynasty_desc;Ask to be formally recognized by your sire as a member of [Root.GetHerHis] ancient Bloodline.;;;;;;;;;;;;;
kid_vampire;Nightchild (Cosmetic);;;;;;;;;;;;;
daemonic_host;Daemonic Host;;;;;;;;;;;;;
daemonic_host_desc;Daemonic Host;;;;;;;;;;;;;
bloodletter_charge_tactic;Bloodletter Charge;;;;;;;;;;;;;
plaguebearer_defense_tactic;Plaguebearer Defense;;;;;;;;;;;;;
daemonettes_leap_tactic;Daemonette Leap;;;;;;;;;;;;;
flamers_burst_tactic;Flamer Burst;;;;;;;;;;;;;
daemon_phasing_out;Instability;;;;;;;;;;;;;
daemonic_host_offensive;Spree;;;;;;;;;;;;;
daemonic_host_defensive;Shielding;;;;;;;;;;;;;
daemonic_host_morale;Stability;;;;;;;;;;;;;
make_offer_chaos;Chaos Offering;;;;;;;;;;;;;
make_offer_chaos_desc;Make an offering to the Ruinous Powers so that they may look favourably upon you. The higher your Piety and the greater your Wealth, the better options will be available.;;;;;;;;;;;;;
opinion_loving_liege;Loving Liege;;;;;;;;;;;;;
chosen_khorne;Chosen of Khorne;;;;;;;;;;;;;
chosen_khorne_desc;This great warrior has been blessed by Khorne with inhuman strength and an insatiable thirst for blood, making them a terrible opponent on any field of battle.;;;;;;;;;;;;;
chosen_nurgle;Chosen of Nurgle;;;;;;;;;;;;;
chosen_nurgle_desc;This bloated and decomposing creature has been blessed by Nurgle and is eager to spread all of their many gifts throughout the world.;;;;;;;;;;;;;
chosen_slaanesh;Chosen of Slaanesh;;;;;;;;;;;;;
chosen_slaanesh_desc;The alluring scent of the Serpent emanates from this character. They have gone further than most in their pursuit of Slaanesh's favour, and so the Prince of Pleasure has granted them many gifts.;;;;;;;;;;;;;
chosen_tzeentch;Chosen of Tzeentch;;;;;;;;;;;;;
chosen_tzeentch_desc;The Changer of Ways has blessed this character more than most, granting them strange and unique gifts to aid them.;;;;;;;;;;;;;
prince_khorne;Daemon Prince of Khorne;;;;;;;;;;;;;
prince_khorne_desc;This character has ascended past the boundaries of mortality. The Lord of Skulls has deemed them worthy of the greatest honour and made them an immortal engine of violence and destruction, to forever fight in his name.;;;;;;;;;;;;;
prince_nurgle;Daemon Prince of Nurgle;;;;;;;;;;;;;
prince_nurgle_desc;This character has ascended past the boundaries of mortality. The Lord of Flies has bestowed upon them the greatest gift and made them an immortal creature of corruption and decay.;;;;;;;;;;;;;
prince_slaanesh;Daemon Prince of Slaanesh;;;;;;;;;;;;;
prince_slaanesh_desc;This character has ascended past the boundaries of mortality. The Dark Prince has welcomed them to his garden and let them share in the forbidden fruit of godhood.;;;;;;;;;;;;;
prince_tzeentch;Daemon Prince of Tzeentch;;;;;;;;;;;;;
prince_tzeentch_desc;This character has ascended past the boundaries of mortality. The Great Architect drowned them in the Winds of Magic until their body and soul were torn apart and born anew.;;;;;;;;;;;;;
daemonic_defense_tactic;Daemonic Barrage;;;;;;;;;;;;;
daemonic_countercharge_tactic;Daemonic Charge;;;;;;;;;;;;;
daemonic_subjugation_desc;§Y$CLAIMANT$§! needs no reason to subjugate any realm to their whims.;;;;;;;;;;;;;
CB_NAME_PRINCE_SUBJUGATION;Chaos Incursion of [Title.GetBaseName];;;;;;;;;;;;;
WAR_NAME_PRINCE_SUBJUGATION;$ORDER$$FIRST_ADJ$ Chaos Incursion of $OTHER_TITLE$;;;;;;;;;;;;;
khorne_favor;Khorne's Favour;;;;;;;;;;;;;
nurgle_favor;Nurgle's Favour;;;;;;;;;;;;;
slaanesh_favor;Slaanesh's Favour;;;;;;;;;;;;;
tzeentch_favor;Tzeentch's Favour;;;;;;;;;;;;;
opinion_soulsucked_family_druchii;Sucked Relative's Soul;;;;;;;;;;;;;
opinion_soulsucked_family;Sucked Relative's Soul;;;;;;;;;;;;;
vassal_eat_soul;Eat [Root.GetFirstName]'s Soul;;;;;;;;;;;;;
vassal_eat_soul_desc;Mortals make for delightful toys, but their most delicious part is that which cannot be seen.;;;;;;;;;;;;;
summon_daemon_host;Summon Reinforcements;;;;;;;;;;;;;
summon_daemon_host_desc;Call forth your daemonic legions from the Realms of Chaos for a limited amount of time.;;;;;;;;;;;;;
GOD_NAGASH;Nagash;;;;;;;;;;;;;
THE_LIBER_MORTIS;Liber Mortis;;;;;;;;;;;;;
learn_necromancy_yourself;Learn Necromancy;;;;;;;;;;;;;
learn_necromancy_yourself_desc;You're not unfamiliar with the forces of darkness. You might attempt to learn more on your own, if you so desire.;;;;;;;;;;;;;
demand_courtier_religious_conversion;Demand Religious Conversion;;;;;;;;;;;;;
demand_vassal_religious_conversion;Demand Religious Conversion;;;;;;;;;;;;;
demand_courtier_religious_conversion_b;Demand Religious Conversion;;;;;;;;;;;;;
demand_vassal_religious_conversion_b;Demand Religious Conversion;;;;;;;;;;;;;
demand_courtier_religious_conversion_desc;Request [Root.GetFirstName] to forsake [Root.GetHerHis] current gods and worship yours.;;;;;;;;;;;;;
demand_vassal_religious_conversion_desc;Request [Root.GetFirstName] to forsake [Root.GetHerHis] current gods and worship yours.;;;;;;;;;;;;;
demand_courtier_religious_conversion_b_desc;Request [Root.GetFirstName] to forsake [Root.GetHerHis] current gods and worship yours.;;;;;;;;;;;;;
demand_vassal_religious_conversion_b_desc;Request [Root.GetFirstName] to forsake [Root.GetHerHis] current gods and worship yours.;;;;;;;;;;;;;
necromancer_ward_apprentice;Take as Necromancer Apprentice;;;;;;;;;;;;;
necromancer_ward_apprentice_desc;You have a certain understanding of the dark arts. Perhaps [Root.GetFirstName] could be taught some of what you know, after proper training.;;;;;;;;;;;;;
undead_horde;Undead Horde;;;;;;;;;;;;;
undead_horde_desc;A shambling horde of undead warriors summoned from the grave by foul sorcery.;;;;;;;;;;;;;
necromantic_power_1;Necromantic Power I;;;;;;;;;;;;;
necromantic_power_1_desc;This character has started some sort of unholy ritual, sacrificing the living to raise the dead.;;;;;;;;;;;;;
necromantic_power_2;Necromantic Power II;;;;;;;;;;;;;
necromantic_power_2_desc;This character has involved themselves in an unholy ritual, sacrificing the living to raise the dead.;;;;;;;;;;;;;
necromantic_power_3;Necromantic Power III;;;;;;;;;;;;;
necromantic_power_3_desc;This character is taking part in an unholy ritual, sacrificing the living to raise the dead.;;;;;;;;;;;;;
necromantic_power_4;Necromantic Power IV;;;;;;;;;;;;;
necromantic_power_4_desc;This character is deep in a great unholy ritual, sacrificing the living to raise the dead.;;;;;;;;;;;;;
necromantic_power_5;Necromantic Power V;;;;;;;;;;;;;
necromantic_power_5_desc;This character reeks of death and is likely preparing themselves for a great necromantic ritual.;;;;;;;;;;;;;
province_tainted_1;Tainted Province I;;;;;;;;;;;;;
province_tainted_1_desc;This province has been tainted by a necromantic ritual of some sort.;;;;;;;;;;;;;
province_tainted_2;Tainted Province II;;;;;;;;;;;;;
province_tainted_2_desc;This province has been tainted by a necromantic ritual. The land is sick, but not unrecoverable.;;;;;;;;;;;;;
province_tainted_3;Tainted Province III;;;;;;;;;;;;;
province_tainted_3_desc;This province has been scourged by dark magic. It will take time to restore balance and make it habitable once more.;;;;;;;;;;;;;
province_tainted_4;Tainted Province IV;;;;;;;;;;;;;
province_tainted_4_desc;This province has been scourged by dark magic. It will take a long time to restore life and make it habitable once more.;;;;;;;;;;;;;
province_tainted_5;Tainted Province V;;;;;;;;;;;;;
province_tainted_5_desc;This province has been devastated by a great necromantic ritual which scoured it of almost all life.;;;;;;;;;;;;;
undead_summoning;Summon Undead;;;;;;;;;;;;;
undead_summoning_desc;Perform a ritual in order to summon an undead horde to assist you in battle. To prepare the summoning you have to perform a number of sacrifices, the higher the victim count, the greater the ritual will be.;;;;;;;;;;;;;
necro_execute_prisoner;Sacrifice for Ritual;;;;;;;;;;;;;
necro_execute_prisoner_desc;[Root.GetFirstName]'s death can serve much more. With the proper preparations, [Root.GetHerHis] life essence and [Root.GetHerHis] very soul could be the focus for a necromantic ritual.;;;;;;;;;;;;;
unholy_raid_desc;§Y$CLAIMANT$§! can call a raid against the unbelievers and heretics, slaughtering them and pillaging their lands for the glory of the Dark Gods!;;;;;;;;;;;;;
CB_NAME_UNHOLY_RAID;Chaos Raid on [Title.GetBaseName];;;;;;;;;;;;;
WAR_NAME_UNHOLY_RAID;$ORDER$$FIRST_ADJ$ Chaos Raid on $OTHER_TITLE$;;;;;;;;;;;;;
plot_steal_carstein_ring;Steal the Carstein Ring;;;;;;;;;;;;;
plot_steal_carstein_ring_desc;As long as a vampire wears it, the ring shall grant the undead invincibility.;;;;;;;;;;;;;
prisonersteal_carstein_ring;Claim the Carstein Ring;;;;;;;;;;;;;
prisonersteal_carstein_ring_desc;The holder of the Carstein Ring of invincibility lies in chains within your dungeon. The dark artifact is yours for the taking.;;;;;;;;;;;;;
plot_steal_carstein_ring_title;Steal the Carstein Ring;;;;;;;;;;;;;
ghoul_unrest;Ghoul Unrest;;;;;;;;;;;;;
ghoul_unrest_desc;A pack of flesh-eaters has settled in this province, wreaking havoc in its search for fresh food.;;;;;;;;;;;;;
opinion_stolen_ring;Stolen My Ring;;;;;;;;;;;;;
ca_undead_catacombs;Undead Catacombs;;;;;;;;;;;;;
ct_undead_catacombs;Undead Catacombs;;;;;;;;;;;;;
tp_undead_catacombs;Undead Catacombs;;;;;;;;;;;;;
tb_undead_catacombs;Undead Catacombs;;;;;;;;;;;;;
ca_undead_catacombs_desc;Mindless forms of undead tend to instinctively gather around vampires like moths to a light, ready to obey their dark masters' commands.;;;;;;;;;;;;;
ca_ghoul_colony_1;Ghoul Colony;;;;;;;;;;;;;
ct_ghoul_colony_1;Ghoul Colony;;;;;;;;;;;;;
tp_ghoul_colony_1;Ghoul Colony;;;;;;;;;;;;;
tb_ghoul_colony_1;Ghoul Colony;;;;;;;;;;;;;
ca_ghoul_colony_1_desc;A pack of ghouls has gathered in this province, feeding on the local populace in exchange for its utter obedience to the local vampire lord.;;;;;;;;;;;;;
ca_gothic_keep_1;Gothic Wing;;;;;;;;;;;;;
ca_gothic_keep_1_desc;The Sylvanian vampires are well known for building vast and grotesque fortresses, large enough for them to entertain themselves in all those activities that mortals usually partake in the outside.;;;;;;;;;;;;;
ca_gothic_keep_2;Gothic Wing;;;;;;;;;;;;;
ca_gothic_keep_3;Gothic Wing;;;;;;;;;;;;;
ca_gothic_keep_4;Gothic Fortress;;;;;;;;;;;;;
ca_gothic_keep_5;Gothic Fortress;;;;;;;;;;;;;
ca_gothic_keep_6;Gothic Fortress;;;;;;;;;;;;;
grave_guard;Grave Guard;;;;;;;;;;;;;
grave_guard_desc;Summon some of the elite troops employed by the Carstein bloodline to protect its lands and lead the advance of its undead armies.;;;;;;;;;;;;;
undead_horde_offensive;Leap;;;;;;;;;;;;;
undead_horde_defensive;Stand;;;;;;;;;;;;;
undead_horde_morale;Shamble;;;;;;;;;;;;;
abyssal_terror_mount;Abyssal Terror Mount;;;;;;;;;;;;;
abyssal_terror_mount_desc;The most warlike vampires ride to battle on the backs of monstrous, winged, dread-inspiring mounts. Some are creatures of Chaos from the mountains, the resurrected hybrids of rapacious beasts. Others are nightmarish creations of Dark Magic, bound with shadows and given bodies of writhing blood and flayed skin.;;;;;;;;;;;;;
buildabyssalterror;Build an Abyssal Terror;;;;;;;;;;;;;
buildabyssalterror_desc;Through infusion of Dark Arts and the Necromantic power filling your veins, you should be able to create a mount truly worthy of your stature...;;;;;;;;;;;;;
kid_vampire_lahmian;Lahmian Nightchild (Cosmetic);;;;;;;;;;;;;
is_vampire_trigger;Is a Vampire;;;;;;;;;;;;;
is_vampire_visible_trigger;Is a Known Vampire;;;;;;;;;;;;;
is_undead_trigger;Is an Undead;;;;;;;;;;;;;
is_invincible_trigger;Is Unperishable;;;;;;;;;;;;;
is_immortal_trigger;Is Immortal;;;;;;;;;;;;;
root_makes_from_vampire_effect;[Root.GetFirstName] gives [From.GetFirstName] the Dark Kiss.;;;;;;;;;;;;;
from_makes_root_vampire_effect;[From.GetFirstName] gives [Root.GetFirstName] the Dark Kiss.;;;;;;;;;;;;;
fromfrom_makes_root_vampire_effect;[FromFrom.GetFirstName] gives [Root.GetFirstName] the Dark Kiss.;;;;;;;;;;;;;
highborn_government;Highborn Concordate;;;;;;;;;;;;;
highborn_government_desc;The High Elves rely on a mild form of autocracy, centered on cities rather than fortresses. While the elven Princes are respected and obeyed and pass down their titles by blood, they are required to treat properly all their highborn subjects. Elven rulers cannot imprison any of their subjects without a proper reason and cannot revoke titles from their elven vassals, except in some extreme circumstances. In return, they have absolutely no obligations in regards of their inferior non-elven subjects.;;;;;;;;;;;;;
cleanse_beastman_presence;Cleanse Beastman Presence;;;;;;;;;;;;;
cleanse_beastman_presence_desc;Beastmen have left their tainted touch on this province. With a little founding you could call for an expedition to eliminate them entirely from the area.;;;;;;;;;;;;;
hunting_beastmen;Hunting Beastmen;;;;;;;;;;;;;
hunting_beastmen_desc;An attempt to exterminate the Beastmen of this province is ongoing.;;;;;;;;;;;;;
eternal_court_government;Eternal Court;;;;;;;;;;;;;
eternal_court_government_desc;The Asrai live in an armonious co-existance with the denizers of Athel Loren, but are known for their frivolous and sometimes savage behavior. Their society revolves around the cycles of the forest, as determined by the Avatars of Ishtar and Kurnous, who rule over the High Lords of the Glades.;;;;;;;;;;;;;
